,Unnamed: 0,course_title,course_organization,course_Certificate_type,course_rating,course_difficulty,course_students_enrolled
0,134,(ISC)² Systems Security Certified Practitioner (SSCP),(ISC)²,SPECIALIZATION,4.7,Beginner,5300
1,743,A Crash Course in Causality:  Inferring Causal Effects from Observational Data,University of Pennsylvania,COURSE,4.7,Intermediate,17000
2,874,A Crash Course in Data Science,Johns Hopkins University,COURSE,4.5,Mixed,130000
3,413,A Law Student's Toolkit,Yale University,COURSE,4.7,Mixed,91000
4,635,A Life of Happiness and Fulfillment,Indian School of Business,COURSE,4.8,Mixed,320000
5,661,ADHD: Everyday Strategies for Elementary Students,University at Buffalo,COURSE,4.7,Beginner,39000
6,54,AI For Everyone,deeplearning.ai,COURSE,4.8,Beginner,350000
7,488,AI For Medical Treatment,deeplearning.ai,COURSE,4.8,Intermediate,2400
8,58,AI Foundations for Everyone,IBM,SPECIALIZATION,4.7,Beginner,61000
9,129,AI for Medical Diagnosis,deeplearning.ai,COURSE,4.7,Intermediate,12000
10,283,AI for Medical Prognosis,deeplearning.ai,COURSE,4.6,Intermediate,4000
11,35,AI for Medicine,deeplearning.ai,SPECIALIZATION,4.7,Intermediate,13000
12,43,AWS Fundamentals,Amazon Web Services,SPECIALIZATION,4.6,Beginner,130000
13,631,AWS Fundamentals: Addressing Security Risk,Amazon Web Services,COURSE,4.3,Beginner,11000
14,861,AWS Fundamentals: Building Serverless Applications,Amazon Web Services,COURSE,4.7,Beginner,27000
15,281,AWS Fundamentals: Going Cloud-Native,Amazon Web Services,COURSE,4.7,Beginner,110000
16,828,AWS Fundamentals: Migrating to the Cloud,Amazon Web Services,COURSE,4.5,Intermediate,13000
17,819,Aboriginal Worldviews and Education,University of Toronto,COURSE,4.7,Mixed,6600
18,63,Academic English: Writing,"University of California, Irvine",SPECIALIZATION,4.7,Beginner,540000
19,142,Accelerated Computer Science Fundamentals,University of Illinois at Urbana-Champaign,SPECIALIZATION,4.7,Intermediate,22000
20,612,Access Controls,(ISC)²,COURSE,4.6,Beginner,2900
21,604,Accounting Analytics,University of Pennsylvania,COURSE,4.5,Mixed,80000
22,727,Accounting for Decision Making,University of Michigan,COURSE,4.8,Intermediate,9900
23,51,Achieving Personal and Professional Success,University of Pennsylvania,SPECIALIZATION,4.7,Beginner,110000
24,838,Actualización en el manejo del paciente con diabetes mellitus tipo 2,Universidad Nacional Autónoma de México,COURSE,4.8,Mixed,23000
25,330,Addiction Treatment: Clinical Skills for Healthcare Providers,Yale University,COURSE,4.8,Beginner,9200
26,247,Advanced Business Analytics,University of Colorado Boulder,SPECIALIZATION,4.5,Intermediate,78000
27,157,Advanced Data Science with IBM,IBM,SPECIALIZATION,4.4,Advanced,320000
28,103,Advanced Machine Learning,National Research University Higher School of Economics,SPECIALIZATION,4.5,Advanced,190000
29,324,Advanced Machine Learning with TensorFlow on Google Cloud Platform,Google Cloud,SPECIALIZATION,4.5,Advanced,35000
30,266,"Advanced Valuation and Strategy - M&A, Private Equity, and Venture Capital",Erasmus University Rotterdam,COURSE,4.7,Advanced,29000
31,825,Advertising and Society,Duke University,COURSE,4.8,Mixed,14000
32,853,Age of Cathedrals,Yale University,COURSE,4.7,Beginner,21000
33,75,Agile Development,University of Virginia,SPECIALIZATION,4.7,Beginner,94000
34,482,Agile Meets Design Thinking,University of Virginia,COURSE,4.7,Beginner,69000
35,212,Agile with Atlassian Jira,Atlassian,COURSE,4.7,Beginner,40000
36,846,Agile и Scrum в работе над проектами и продуктами,ScrumTrek,COURSE,4.9,Beginner,12000
37,561,Algorithmic Toolbox,University of California San Diego,COURSE,4.7,Intermediate,220000
38,78,Algorithms,Stanford University,SPECIALIZATION,4.8,Intermediate,150000
39,242,Algorithms for Battery Management Systems,University of Colorado System,SPECIALIZATION,4.8,Intermediate,14000
40,322,American Contract Law I,Yale University,COURSE,4.9,Beginner,18000
41,159,An Introduction to American Law,University of Pennsylvania,COURSE,4.8,Beginner,23000
42,265,An Introduction to Consumer Neuroscience & Neuromarketing,Copenhagen Business School,COURSE,4.7,Beginner,69000
43,151,An Introduction to Programming the Internet of Things (IOT),"University of California, Irvine",SPECIALIZATION,4.6,Beginner,270000
44,752,Analysing: Numeric and digital literacies,Macquarie University,SPECIALIZATION,4.6,Beginner,7900
45,119,Anatomy,University of Michigan,SPECIALIZATION,4.8,Beginner,30000
46,302,"Anatomy of the Chest, Abdomen, and Pelvis",Yale University,COURSE,4.8,Intermediate,36000
47,508,Anatomy: Musculoskeletal and Integumentary Systems,University of Michigan,COURSE,4.8,Beginner,20000
48,797,Ancient Philosophy: Aristotle and His Successors,University of Pennsylvania,COURSE,4.8,Mixed,8100
49,390,Android App Development,Vanderbilt University,SPECIALIZATION,4.5,Beginner,120000
50,201,Animal Behaviour and Welfare,The University of Edinburgh,COURSE,4.8,Mixed,71000
51,663,Antibiotic Stewardship,Stanford University,COURSE,4.5,Advanced,11000
52,514,Anticorrupción: Introducción a conceptos y perspectiva práctica,Universidad Nacional Autónoma de México,COURSE,4.8,Beginner,11000
53,799,Antimicrobial resistance - theory and methods,Technical University of Denmark (DTU),COURSE,4.6,Intermediate,63000
54,8,Applied Data Science,IBM,SPECIALIZATION,4.6,Beginner,220000
55,637,Applied Data Science Capstone,IBM,COURSE,4.7,Intermediate,42000
56,26,Applied Data Science with Python,University of Michigan,SPECIALIZATION,4.5,Intermediate,480000
57,630,Applied Machine Learning in Python,University of Michigan,COURSE,4.6,Intermediate,150000
58,491,"Applied Plotting, Charting & Data Representation in Python",University of Michigan,COURSE,4.6,Intermediate,97000
59,888,Aprende a programar con Python,Universidad Austral,SPECIALIZATION,4.2,Beginner,6600
60,512,Aprender,Universidad Nacional Autónoma de México,COURSE,4.8,Mixed,200000
61,551,Aprendiendo a aprender: Poderosas herramientas mentales con las que podrás dominar temas difíciles (Learning How to Learn),University of California San Diego,COURSE,4.9,Beginner,180000
62,437,Architecting with Google Cloud Platform 日本語版,Google Cloud,SPECIALIZATION,4.5,Intermediate,4200
63,10,Architecting with Google Compute Engine,Google Cloud,SPECIALIZATION,4.7,Intermediate,310000
64,573,Architecting with Google Kubernetes Engine 日本語版,Google Cloud,SPECIALIZATION,4.5,Beginner,3900
65,56,Arizona State University TESOL,Arizona State University,PROFESSIONAL CERTIFICATE,4.9,Beginner,150000
66,479,Art & Activity: Interactive Strategies for Engaging with Art,The Museum of Modern Art,COURSE,4.8,Mixed,79000
67,452,Art & Ideas: Teaching with Themes,The Museum of Modern Art,COURSE,4.8,Mixed,31000
68,651,Arts and Culture Strategy,National Arts Strategies,COURSE,4.6,Mixed,15000
69,326,Arts and Heritage Management,Università Bocconi,COURSE,4.8,Mixed,15000
70,877,Aspectos básicos de la planificación y la gestión de proyectos,University of Virginia,COURSE,4.9,Beginner,10000
71,753,Astrobiology and the Search for Extraterrestrial Life,The University of Edinburgh,COURSE,4.7,Mixed,66000
72,782,Atención Primaria en Salud: El desafío de las Enfermedades no Transmisibles,Pontificia Universidad Católica de Chile,COURSE,4.8,Intermediate,33000
73,210,Autism Spectrum Disorder,"University of California, Davis",COURSE,4.6,Mixed,56000
74,885,Autodesk CAD/CAM for Manufacturing,Autodesk,SPECIALIZATION,4.8,Intermediate,7300
75,468,Autodesk CAD/CAM/CAE for Mechanical Engineering,Autodesk,SPECIALIZATION,4.8,Intermediate,9200
76,702,Autodesk Certified Professional: AutoCAD for Design and Drafting Exam Prep,Autodesk,COURSE,4.7,Advanced,22000
77,590,Autodesk Certified Professional: Revit for Architectural Design Exam Prep,Autodesk,COURSE,4.7,Advanced,9700
78,816,BIM Fundamentals for Engineers,National Taiwan University,COURSE,4.6,Beginner,13000
79,642,Basic Statistics,University of Amsterdam,COURSE,4.6,Beginner,180000
80,493,Bayesian Statistics: From Concept to Data Analysis,"University of California, Santa Cruz",COURSE,4.8,Intermediate,91000
81,602,Bayesian Statistics: Techniques and Models,"University of California, Santa Cruz",COURSE,4.8,Intermediate,29000
82,106,Become a CBRS Certified Professional Installer by Google,Google - Spectrum Sharing,COURSE,4.9,Mixed,210000
83,294,Become a Journalist: Report the News!,Michigan State University,SPECIALIZATION,4.7,Beginner,28000
84,809,Become a Sustainable Business Change Agent,University of Colorado System,SPECIALIZATION,4.7,Intermediate,4200
85,776,Becoming a Sports Agent,Case Western Reserve University,COURSE,4.7,Beginner,6500
86,672,Becoming a changemaker: Introduction to Social Innovation,University of Cape Town,COURSE,4.8,Beginner,61000
87,269,Behavioral Finance,Duke University,COURSE,4.4,Mixed,55000
88,456,Beyond the Sustainable Development Goals (SDGs): Addressing Sustainability and Development,University of Michigan,COURSE,4.6,Mixed,2300
89,498,Big Data – Introducción al uso práctico de datos masivos,Universitat Autònoma de Barcelona,SPECIALIZATION,4.5,Beginner,8800
90,687,Biohacking Your Brain's Health,Emory University,COURSE,4.6,Beginner,35000
91,565,Biology Meets Programming: Bioinformatics for Beginners,University of California San Diego,COURSE,4.4,Beginner,88000
92,131,Biostatistics in Public Health,Johns Hopkins University,SPECIALIZATION,4.8,Beginner,14000
93,751,Blended Language Learning: Design and Practice for Teachers,University of Colorado Boulder,COURSE,4.8,Intermediate,1900
94,251,Blockchain,University at Buffalo,SPECIALIZATION,4.6,Intermediate,68000
95,143,Blockchain Revolution,INSEAD,SPECIALIZATION,4.7,Beginner,21000
96,462,Blockchain Revolution in Financial Services,INSEAD,SPECIALIZATION,4.6,Beginner,1600
97,719,Blockchain: Foundations and Use Cases,ConsenSys Academy,COURSE,4.7,Beginner,31000
98,645,Boosting Creativity for Innovation,HEC Paris,COURSE,4.9,Beginner,9500
99,72,"Brand Management: Aligning Business, Brand and Behaviour",London Business School,COURSE,4.9,Beginner,57000
100,238,Branding: The Creative Journey,IE Business School,SPECIALIZATION,4.6,Beginner,26000
101,486,Budgeting and Scheduling Projects,"University of California, Irvine",COURSE,4.7,Mixed,84000
102,688,Bugs 101: Insect-Human Interactions,University of Alberta,COURSE,4.9,Beginner,15000
103,395,Build a Modern Computer from First Principles: From Nand to Tetris (Project-Centered Course),Hebrew University of Jerusalem,COURSE,4.9,Mixed,95000
104,653,Building Batch Data Pipelines on GCP,Google Cloud,COURSE,4.5,Intermediate,7300
105,670,Building Conversational Experiences with Dialogflow,Google Cloud,COURSE,4.5,Beginner,22000
106,884,Building Resilient Streaming Analytics Systems on GCP,Google Cloud,COURSE,4.6,Intermediate,5800
107,610,Building Scalable Java Microservices with Spring Boot and Spring Cloud,Google Cloud,COURSE,4.3,Intermediate,24000
108,824,Building Your Leadership Skills,HEC Paris,COURSE,4.5,Mixed,67000
109,17,Business Analytics,University of Pennsylvania,SPECIALIZATION,4.6,Beginner,280000
110,611,Business English,Arizona State University,SPECIALIZATION,4.7,Intermediate,38000
111,168,Business English Communication Skills,University of Washington,SPECIALIZATION,4.7,Intermediate,120000
112,738,Business English: Networking,University of Washington,COURSE,4.7,Intermediate,77000
113,7,Business Foundations,University of Pennsylvania,SPECIALIZATION,4.7,Beginner,510000
114,410,Business Model Innovation,HEC Paris,COURSE,4.7,Mixed,13000
115,96,Business Statistics and Analysis,Rice University,SPECIALIZATION,4.7,Beginner,110000
116,126,Business Strategies for A Better World,University of Pennsylvania,SPECIALIZATION,4.7,Beginner,24000
117,104,Business Strategy,University of Virginia,SPECIALIZATION,4.7,Beginner,89000
118,233,Business Technology Management,Indian School of Business,SPECIALIZATION,4.5,Beginner,67000
119,478,Business Transformation with Google Cloud,Google Cloud,COURSE,4.7,Beginner,10000
120,539,Business Writing,University of Colorado Boulder,COURSE,4.8,Beginner,48000
121,23,Business and Financial Modeling,University of Pennsylvania,SPECIALIZATION,4.5,Beginner,160000
122,662,C for Everyone: Programming Fundamentals,"University of California, Santa Cruz",COURSE,4.5,Beginner,31000
123,222,C# Programming for Unity Game Development,University of Colorado System,SPECIALIZATION,4.7,Beginner,36000
124,21,COVID-19 Contact Tracing,Johns Hopkins University,COURSE,4.9,Beginner,220000
125,450,COVID-19: What You Need to Know (CME Eligible),Osmosis,COURSE,4.8,Beginner,32000
126,525,"Cameras, Exposure, and Photography",Michigan State University,COURSE,4.7,Mixed,130000
127,107,Camino a la Excelencia en Gestión de Proyectos,Pontificia Universidad Católica de Chile,COURSE,4.7,Beginner,340000
128,536,"Capstone: Retrieving, Processing, and Visualizing Data with Python",University of Michigan,COURSE,4.6,Mixed,82000
129,44,Career Success,"University of California, Irvine",SPECIALIZATION,4.4,Beginner,790000
130,736,Challenging Forensic Science: How Science Should Speak to Court,University of Lausanne,COURSE,4.8,Beginner,31000
131,718,Chemicals and Health,Johns Hopkins University,COURSE,4.7,Beginner,23000
132,726,Chicken Behaviour and Welfare,The University of Edinburgh,COURSE,4.7,Mixed,19000
133,161,Child Nutrition and Cooking,Stanford University,COURSE,4.7,Beginner,30000
134,737,Chinese for HSK 1,Peking University,COURSE,4.8,Beginner,22000
135,95,Cisco Networking Basics,Cisco,SPECIALIZATION,4.7,Beginner,57000
136,848,Classical Sociological Theory,University of Amsterdam,COURSE,4.8,Mixed,51000
137,197,Claves de la Dirección de Empresas,IESE Business School,SPECIALIZATION,4.8,Beginner,51000
138,457,Climate Change and Health: From Science to Action,Yale University,SPECIALIZATION,4.6,Beginner,4800
139,275,Clinical Terminology for International and U.S. Students,University of Pittsburgh,COURSE,4.8,Beginner,32000
140,349,Cloud Computing,University of Illinois at Urbana-Champaign,SPECIALIZATION,4.4,Intermediate,110000
141,777,Cloud Computing Basics (Cloud 101),LearnQuest,COURSE,4.5,Beginner,37000
142,9,Cloud Engineering with Google Cloud,Google Cloud,PROFESSIONAL CERTIFICATE,4.7,Intermediate,310000
143,276,Coaching Skills for Managers,"University of California, Davis",SPECIALIZATION,4.7,Intermediate,37000
144,655,Code Yourself! An Introduction to Programming,The University of Edinburgh,COURSE,4.7,Beginner,120000
145,709,Communication Skills for Engineers,Rice University,SPECIALIZATION,4.7,Beginner,15000
146,305,Communication Strategies for a Virtual Age,University of Toronto,COURSE,4.8,Beginner,43000
147,890,Compassionate Leadership Through Service Learning with Jane Goodall and Roots & Shoots,University of Colorado Boulder,COURSE,4.9,Beginner,6400
148,406,"Competencias digitales. Herramientas de ofimática (Microsoft Word, Excel, Power Point)",Universitat Autònoma de Barcelona,COURSE,4.7,Beginner,43000
149,474,Competitive Strategy and Organization Design,Ludwig-Maximilians-Universität München (LMU),SPECIALIZATION,4.7,Intermediate,350000
150,391,Computational Social Science,"University of California, Davis",SPECIALIZATION,4.6,Beginner,5800
151,221,Computational Thinking for Problem Solving,University of Pennsylvania,COURSE,4.8,Beginner,33000
152,621,Computer Security and Systems Management,University of Colorado System,SPECIALIZATION,4.6,Beginner,27000
153,439,Conflict Management,"University of California, Irvine",SPECIALIZATION,4.3,Beginner,66000
154,728,Construction Cost Estimating and Cost Control,Columbia University,COURSE,4.7,Beginner,19000
155,48,Construction Management,Columbia University,SPECIALIZATION,4.7,Beginner,61000
156,290,Construction Project Management,Columbia University,COURSE,4.8,Beginner,43000
157,794,Construction Scheduling,Columbia University,COURSE,4.8,Beginner,15000
158,300,Contabilidad para no contadores,Universidad Nacional Autónoma de México,COURSE,4.7,Beginner,220000
159,273,Content Strategy for Professionals,Northwestern University,SPECIALIZATION,4.5,Beginner,27000
160,448,Continuous Delivery & DevOps,University of Virginia,COURSE,4.6,Beginner,26000
161,815,Control of Mobile Robots,Georgia Institute of Technology,COURSE,4.8,Mixed,49000
162,207,Convolutional Neural Networks,deeplearning.ai,COURSE,4.9,Intermediate,240000
163,358,Convolutional Neural Networks in TensorFlow,deeplearning.ai,COURSE,4.7,Intermediate,46000
164,725,Corporate & Commercial Law I: Contracts & Employment Law,University of Illinois at Urbana-Champaign,COURSE,4.8,Intermediate,10000
165,458,Corporate Finance Essentials,IESE Business School,COURSE,4.8,Mixed,56000
166,714,Corporate Strategy,UCL School of Management,COURSE,4.8,Beginner,7800
167,301,Corporate Sustainability. Understanding and Seizing the Strategic Opportunity,Università Bocconi,COURSE,4.6,Mixed,10000
168,691,"Corrección, estilo y  variaciones de la lengua española",Universitat Autònoma de Barcelona,COURSE,4.6,Beginner,75000
169,854,Cost and Economics in Pricing Strategy,University of Virginia,COURSE,4.8,Beginner,15000
170,544,Costos para los Negocios,Universidad de Chile,COURSE,4.8,Intermediate,43000
171,179,Crash Course on Python,Google,COURSE,4.8,Beginner,81000
172,463,Creative Problem Solving,University of Minnesota,COURSE,4.3,Mixed,140000
173,59,Creative Writing,Wesleyan University,SPECIALIZATION,4.6,Beginner,140000
174,371,Creative Writing: The Craft of Plot,Wesleyan University,COURSE,4.7,Mixed,120000
175,793,"Creatividad, diseño e innovación: Técnicas y herramientas",Arizona State University,SPECIALIZATION,4.7,Beginner,150000
176,678,Cuidado de heridas en el ámbito hospitalario,Universidad Nacional Autónoma de México,COURSE,4.8,Intermediate,26000
177,730,Cuidados y procedimientos generales en la atención del recién nacido,Universidad de Chile,COURSE,4.8,Intermediate,22000
178,248,Culture-Driven Team Building,University of Pennsylvania,SPECIALIZATION,4.6,Beginner,17000
179,820,Curanderismo: Traditional Healing Using Plants,University of New Mexico,COURSE,4.6,Beginner,5500
180,566,Customer Segmentation and Prospecting,Northwestern University,COURSE,4.7,Beginner,18000
181,372,Cybersecurity,"University of Maryland, College Park",SPECIALIZATION,4.5,Intermediate,99000
182,821,Cybersecurity and Its Ten Domains,University System of Georgia,COURSE,4.2,Beginner,140000
183,497,Cybersecurity for Business,University of Colorado System,SPECIALIZATION,4.6,Beginner,23000
184,800,Cómo hablar bien en público,Universitat Autònoma de Barcelona,COURSE,4.8,Beginner,55000
185,764,Dairy Production and Management,The Pennsylvania State University,COURSE,4.8,Mixed,23000
186,812,Data Analysis and Interpretation,Wesleyan University,SPECIALIZATION,4.4,Beginner,100000
187,39,Data Analysis and Presentation Skills: the PwC Approach,PwC,SPECIALIZATION,4.6,Beginner,220000
188,277,Data Analysis with Python,IBM,COURSE,4.7,Beginner,110000
189,605,Data Analytics for Lean Six Sigma,University of Amsterdam,COURSE,4.8,Beginner,24000
190,783,Data Collection and Processing with Python,University of Michigan,COURSE,4.7,Intermediate,19000
191,679,Data Engineering on Google Cloud Platform 日本語版,Google Cloud,SPECIALIZATION,4.4,Intermediate,3000
192,22,Data Engineering with Google Cloud,Google Cloud,PROFESSIONAL CERTIFICATE,4.6,Intermediate,120000
193,24,"Data Engineering, Big Data, and Machine Learning on GCP",Google Cloud,SPECIALIZATION,4.6,Intermediate,120000
194,383,Data Management for Clinical Research,Vanderbilt University,COURSE,4.7,Beginner,42000
195,434,Data Mining,University of Illinois at Urbana-Champaign,SPECIALIZATION,4.4,Intermediate,140000
196,13,Data Science,Johns Hopkins University,SPECIALIZATION,4.5,Beginner,830000
197,399,Data Science Math Skills,Duke University,COURSE,4.5,Beginner,140000
198,198,Data Science Methodology,IBM,COURSE,4.6,Beginner,89000
199,15,Data Science: Foundations using R,Johns Hopkins University,SPECIALIZATION,4.6,Beginner,740000
200,148,Data Science: Statistics and Machine Learning,Johns Hopkins University,SPECIALIZATION,4.4,Intermediate,210000
201,686,Data Visualization and Communication with Tableau,Duke University,COURSE,4.7,Mixed,130000
202,804,Data Visualization with Advanced Excel,PwC,COURSE,4.8,Beginner,60000
203,420,Data Visualization with Python,IBM,COURSE,4.6,Intermediate,66000
204,70,Data Visualization with Tableau,"University of California, Davis",SPECIALIZATION,4.5,Beginner,96000
205,288,Data Warehousing for Business Intelligence,University of Colorado System,SPECIALIZATION,4.5,Advanced,140000
206,871,Data and Health Indicators in Public Health Practice,Johns Hopkins University,COURSE,4.7,Beginner,18000
207,376,Data-driven Decision Making,PwC,COURSE,4.6,Beginner,120000
208,263,Databases and SQL for Data Science,IBM,COURSE,4.7,Beginner,110000
209,519,De-Mystifying Mindfulness,Universiteit Leiden,COURSE,4.8,Beginner,150000
210,813,Decision-Making and Scenarios,University of Pennsylvania,COURSE,4.6,Mixed,31000
211,5,Deep Learning,deeplearning.ai,SPECIALIZATION,4.8,Intermediate,690000
212,599,Democracia y decisiones públicas. Introducción al análisis de políticas públicas,Universitat Autònoma de Barcelona,COURSE,4.8,Beginner,44000
213,806,Dentistry 101,University of Michigan,COURSE,4.7,Beginner,4500
214,627,Dermatology: Trip to skin,Novosibirsk State University ,COURSE,4.4,Beginner,8200
215,100,Design Thinking for Innovation,University of Virginia,COURSE,4.6,Beginner,240000
216,674,Design Thinking for the Greater Good: Innovation in the Social Sector,University of Virginia,COURSE,4.6,Beginner,17000
217,139,Design and Interpretation of Clinical Trials,Johns Hopkins University,COURSE,4.7,Mixed,67000
218,522,Design and Make Infographics (Project-Centered Course),Michigan State University,COURSE,4.7,Mixed,97000
219,430,Design-Led Strategy: Design thinking for business strategy and entrepreneurship,The University of Sydney,COURSE,4.6,Intermediate,19000
220,338,Developing APIs with Google Cloud's Apigee API Platform,Google Cloud,SPECIALIZATION,4.6,Intermediate,16000
221,18,Developing Applications with Google Cloud Platform,Google Cloud,SPECIALIZATION,4.7,Intermediate,300000
222,644,Developing Applications with Google Cloud Platform 日本語版,Google Cloud,SPECIALIZATION,4.8,Intermediate,4000
223,720,Developing Industrial Internet of Things,University of Colorado Boulder,SPECIALIZATION,4.6,Intermediate,8000
224,756,Developing Your Musicianship,Berklee College of Music,COURSE,4.8,Mixed,41000
225,205,Developing Your Musicianship,Berklee College of Music,SPECIALIZATION,4.8,Beginner,54000
226,397,Devenir entrepreneur du changement,Ticket for Change,COURSE,4.7,Mixed,54000
227,239,Digital Advertising Strategy,University of Colorado Boulder,SPECIALIZATION,4.4,Beginner,9000
228,855,Digital Business Models,Lund University,COURSE,4.5,Beginner,21000
229,237,Digital Manufacturing & Design Technology,University at Buffalo,SPECIALIZATION,4.6,Beginner,37000
230,28,Digital Marketing,University of Illinois at Urbana-Champaign,SPECIALIZATION,4.6,Beginner,380000
231,852,Digital Media and Marketing Strategies,University of Illinois at Urbana-Champaign,COURSE,4.4,Mixed,57000
232,53,Digital Product Management,University of Virginia,SPECIALIZATION,4.7,Beginner,140000
233,381,Digital Product Management: Modern Fundamentals,University of Virginia,COURSE,4.7,Beginner,58000
234,490,Dino 101: Dinosaur Paleobiology,University of Alberta,COURSE,4.5,Beginner,35000
235,697,Discrete Optimization,The University of Melbourne,COURSE,4.9,Intermediate,40000
236,675,Diseño Instruccional: Aprendizaje activo y Pedagogía digital,Tecnológico de Monterrey,SPECIALIZATION,4.6,Beginner,4000
237,711,Diseño y Creación de un Emprendimiento Social,Pontificia Universidad Católica de Chile,COURSE,4.9,Beginner,21000
238,378,"Divide and Conquer, Sorting and Searching, and Randomized Algorithms",Stanford University,COURSE,4.8,Intermediate,130000
239,392,Dog Emotion and Cognition,Duke University,COURSE,4.6,Mixed,150000
240,624,Driving business towards the Sustainable Development Goals,Erasmus University Rotterdam,COURSE,4.8,Beginner,5600
241,487,Drug Commercialization,University of California San Diego,COURSE,4.7,Beginner,17000
242,342,Drug Discovery,University of California San Diego,COURSE,4.6,Beginner,39000
243,166,Dynamic Public Speaking,University of Washington,SPECIALIZATION,4.7,Beginner,110000
244,832,EMT Foundations,University of Colorado System,COURSE,4.8,Beginner,7100
245,494,Ecology: Ecosystem Dynamics and Conservation,American Museum of Natural History,COURSE,4.8,Intermediate,18000
246,641,Econometrics: Methods and Applications,Erasmus University Rotterdam,COURSE,4.7,Mixed,110000
247,229,Economics of Money and Banking,Columbia University,COURSE,4.9,Mixed,83000
248,707,Ecosystem Services: a Method for Sustainable Development,University of Geneva,COURSE,4.7,Intermediate,16000
249,773,Effective Compliance Programs,University of Pennsylvania,COURSE,4.9,Mixed,3400
250,636,Egiptología (Egyptology),Universitat Autònoma de Barcelona,COURSE,4.9,Beginner,46000
251,789,El Abogado del Futuro: Legaltech y la Transformación Digital del Derecho,Universidad Austral,COURSE,5.0,Beginner,1500
252,564,Elastic Google Cloud Infrastructure: Scaling and Automation,Google Cloud,COURSE,4.7,Intermediate,57000
253,870,Electric Industry Operations and Markets,Duke University,COURSE,4.8,Beginner,12000
254,122,Electronic Music Production,Berklee College of Music,SPECIALIZATION,4.8,Intermediate,110000
255,733,Emerging Technologies: From Smartphones to IoT to Big Data,Yonsei University,SPECIALIZATION,4.6,Beginner,17000
256,267,"Energy Production, Distribution & Safety",University at Buffalo,SPECIALIZATION,4.7,Beginner,37000
257,461,Engineering Health: Introduction to Yoga and Physiology,New York University,COURSE,4.8,Beginner,14000
258,560,Engineering Project Management: Initiating and Planning,Rice University,COURSE,4.7,Beginner,23000
259,613,English Composition I,Duke University,COURSE,4.6,Beginner,200000
260,225,English for Business and Entrepreneurship,University of Pennsylvania,COURSE,4.8,Beginner,230000
261,175,English for Career Development,University of Pennsylvania,COURSE,4.8,Mixed,760000
262,303,English for Journalism,University of Pennsylvania,COURSE,4.8,Mixed,130000
263,547,English for Research Publication Purposes,Moscow Institute of Physics and Technology,SPECIALIZATION,4.6,Intermediate,42000
264,598,"English for Science, Technology, Engineering, and Mathematics",University of Pennsylvania,COURSE,4.8,Beginner,110000
265,770,Enterprise Architecture,Peter the Great St. Petersburg Polytechnic University,COURSE,4.4,Beginner,2400
266,292,Entrepreneurial Finance: Strategy and Innovation,Duke University,SPECIALIZATION,4.5,Intermediate,7900
267,33,Entrepreneurship,University of Pennsylvania,SPECIALIZATION,4.8,Beginner,110000
268,246,Entrepreneurship 1: Developing the Opportunity,University of Pennsylvania,COURSE,4.8,Mixed,86000
269,496,Entrepreneurship 2: Launching your Start-Up,University of Pennsylvania,COURSE,4.8,Mixed,38000
270,704,Entrepreneurship 3: Growth Strategies,University of Pennsylvania,COURSE,4.7,Beginner,31000
271,623,Entrepreneurship Strategy: From Ideation to Exit,HEC Paris,COURSE,4.8,Beginner,20000
272,502,Entrepreneurship: Launching an Innovative Business,"University of Maryland, College Park",SPECIALIZATION,4.6,Beginner,69000
273,527,Epidemics - the Dynamics of Infectious Diseases,The Pennsylvania State University,COURSE,4.8,Mixed,45000
274,570,"Epidemics, Pandemics and Outbreaks",University of Pittsburgh,COURSE,4.7,Mixed,23000
275,426,Epidemiology for Public Health,Imperial College London,SPECIALIZATION,4.7,Beginner,6400
276,60,Epidemiology in Public Health Practice,Johns Hopkins University,SPECIALIZATION,4.7,Beginner,31000
277,351,Epidemiology: The Basic Science of Public Health,The University of North Carolina at Chapel Hill,COURSE,4.6,Mixed,130000
278,708,Epigenetic Control of Gene Expression,The University of Melbourne,COURSE,4.8,Mixed,35000
279,444,Equine Welfare and Management,"University of California, Davis",COURSE,4.8,Beginner,7200
280,693,Esports,"University of California, Irvine",SPECIALIZATION,4.5,Beginner,1800
281,454,Essential Epidemiologic Tools for Public Health Practice,Johns Hopkins University,COURSE,4.7,Beginner,14000
282,446,Essential Google Cloud Infrastructure: Core Services,Google Cloud,COURSE,4.7,Intermediate,68000
283,347,Essential Google Cloud Infrastructure: Foundation,Google Cloud,COURSE,4.7,Intermediate,83000
284,314,Essentials in Clinical Simulations Across the Health Professions,The George Washington University,COURSE,4.8,Intermediate,4100
285,436,Essentials of Corporate Finance,The University of Melbourne,SPECIALIZATION,4.6,Intermediate,54000
286,319,Essentials of Global Health,Yale University,COURSE,4.8,Mixed,31000
287,847,Estadística y probabilidad,Universidad Nacional Autónoma de México,COURSE,4.7,Beginner,27000
288,881,Evaluación educativa,Universidad Nacional Autónoma de México,SPECIALIZATION,4.8,Beginner,13000
289,256,"Everyday Excel, Part 1",University of Colorado Boulder,COURSE,4.8,Beginner,11000
290,278,Everyday Parenting: The ABCs of Child Rearing,Yale University,COURSE,4.9,Beginner,86000
291,11,Excel Skills for Business,Macquarie University,SPECIALIZATION,4.9,Beginner,240000
292,591,Excel Skills for Business: Advanced,Macquarie University,COURSE,4.7,Intermediate,39000
293,92,Excel Skills for Business: Essentials,Macquarie University,COURSE,4.9,Beginner,200000
294,218,Excel Skills for Business: Intermediate I,Macquarie University,COURSE,4.9,Intermediate,76000
295,419,Excel Skills for Business: Intermediate II,Macquarie University,COURSE,4.8,Intermediate,39000
296,38,Excel to MySQL: Analytic Techniques for Business,Duke University,SPECIALIZATION,4.6,Beginner,490000
297,124,Excel/VBA for Creative Problem Solving,University of Colorado Boulder,SPECIALIZATION,4.8,Beginner,56000
298,418,"Excel/VBA for Creative Problem Solving, Part 1",University of Colorado Boulder,COURSE,4.8,Beginner,54000
299,137,Executive Data Science,Johns Hopkins University,SPECIALIZATION,4.5,Beginner,170000
300,880,Explorando la Energía Sustentable,Pontificia Universidad Católica de Chile,COURSE,4.8,Beginner,28000
301,99,Fashion as Design,The Museum of Modern Art,COURSE,4.8,Beginner,180000
302,509,Feminism and Social Justice,"University of California, Santa Cruz",COURSE,4.8,Beginner,18000
303,442,FinTech Law and Policy,Duke University,COURSE,4.8,Beginner,9700
304,531,FinTech: Finance Industry Transformation and Regulation,The Hong Kong University of Science and Technology,SPECIALIZATION,4.6,Beginner,13000
305,453,"FinTech: Foundations, Payments, and Regulations",University of Pennsylvania,COURSE,4.7,Beginner,12000
306,16,Finance & Quantitative Modeling for Analysts,University of Pennsylvania,SPECIALIZATION,4.5,Beginner,260000
307,257,Finance for Non-Finance Professionals,Rice University,COURSE,4.8,Beginner,69000
308,778,Finance for Non-Financial Managers,Emory University,COURSE,4.4,Intermediate,12000
309,85,Financial Accounting Fundamentals,University of Virginia,COURSE,4.8,Beginner,65000
310,396,Financial Acumen for Non-Financial Managers,University of Pennsylvania,COURSE,4.5,Beginner,10000
311,158,Financial Engineering and Risk Management Part I,Columbia University,COURSE,4.6,Mixed,100000
312,149,Financial Management,University of Illinois at Urbana-Champaign,SPECIALIZATION,4.7,Intermediate,76000
313,14,Financial Markets,Yale University,COURSE,4.8,Beginner,470000
314,259,Financial Markets and Investment Strategy,Indian School of Business,SPECIALIZATION,4.5,Beginner,60000
315,682,Financial Reporting,University of Illinois at Urbana-Champaign,SPECIALIZATION,4.8,Intermediate,12000
316,356,Financial Technology (Fintech) Innovations,University of Michigan,SPECIALIZATION,4.7,Beginner,6500
317,382,Financing and Investing in Infrastructure,Università Bocconi,COURSE,4.8,Mixed,24000
318,366,Finanzas corporativas,Universidad Nacional Autónoma de México,SPECIALIZATION,4.6,Intermediate,30000
319,552,Finanzas personales,Universidad Nacional Autónoma de México,COURSE,4.8,Mixed,310000
320,109,Finding Purpose and Meaning In Life: Living for What Matters Most,University of Michigan,COURSE,4.7,Beginner,36000
321,66,Fintech: Foundations & Applications of Financial Technology,University of Pennsylvania,SPECIALIZATION,4.6,Beginner,20000
322,113,First Step Korean,Yonsei University,COURSE,4.9,Beginner,400000
323,102,Food & Beverage Management,Università Bocconi,COURSE,4.8,Mixed,57000
324,174,Forensic Accounting and Fraud Examination,West Virginia University,COURSE,4.7,Mixed,42000
325,851,Formulación y evaluación de proyectos complejos,Universidad de los Andes,COURSE,4.9,Intermediate,4400
326,337,Foundational Finance for Strategic Decision Making,University of Michigan,SPECIALIZATION,4.8,Beginner,14000
327,721,Foundations of Business Strategy,University of Virginia,COURSE,4.8,Beginner,63000
328,775,Foundations of Everyday Leadership,University of Illinois at Urbana-Champaign,COURSE,4.8,Mixed,62000
329,313,Foundations of Global Health,Johns Hopkins University,SPECIALIZATION,4.7,Beginner,31000
330,209,Foundations of Management,IESE Business School,SPECIALIZATION,4.8,Beginner,64000
331,569,Foundations of Marketing Analytics,Emory University,SPECIALIZATION,4.2,Intermediate,27000
332,32,Foundations of Positive Psychology,University of Pennsylvania,SPECIALIZATION,4.8,Beginner,89000
333,521,Foundations of Public Health Practice,Imperial College London,SPECIALIZATION,4.8,Beginner,3200
334,203,From Data to Insights with Google Cloud Platform,Google Cloud,SPECIALIZATION,4.6,Beginner,26000
335,698,From the Big Bang to Dark Energy,The University of Tokyo,COURSE,4.8,Beginner,52000
336,863,Front-End Web Development with React,The Hong Kong University of Science and Technology,COURSE,4.7,Intermediate,45000
337,501,Front-End Web UI Frameworks and Tools: Bootstrap 4,The Hong Kong University of Science and Technology,COURSE,4.8,Intermediate,89000
338,108,Full Stack Web and Multiplatform Mobile App Development,The Hong Kong University of Science and Technology,SPECIALIZATION,4.7,Intermediate,150000
339,89,Full-Stack Web Development with React,The Hong Kong University of Science and Technology,SPECIALIZATION,4.7,Intermediate,140000
340,790,Functional Programming Principles in Scala,École Polytechnique Fédérale de Lausanne,COURSE,4.8,Intermediate,170000
341,150,Functional Programming in Scala,École Polytechnique Fédérale de Lausanne,SPECIALIZATION,4.7,Intermediate,220000
342,441,Fundamental Neuroscience for Neuroimaging,Johns Hopkins University,COURSE,4.6,Beginner,30000
343,295,Fundamentals of Accounting,University of Illinois at Urbana-Champaign,SPECIALIZATION,4.6,Beginner,39000
344,164,Fundamentals of Computing,Rice University,SPECIALIZATION,4.8,Beginner,200000
345,581,Fundamentals of Engineering Exam Review,Georgia Institute of Technology,COURSE,4.7,Mixed,49000
346,425,Fundamentals of GIS,"University of California, Davis",COURSE,4.8,Beginner,86000
347,162,Fundamentals of Graphic Design,California Institute of the Arts,COURSE,4.8,Beginner,290000
348,130,Fundamentals of Immunology,Rice University,SPECIALIZATION,4.7,Intermediate,20000
349,415,Fundamentals of Immunology: Innate Immunity and B-Cell Function,Rice University,COURSE,4.7,Intermediate,18000
350,633,Fundamentals of Music Theory,The University of Edinburgh,COURSE,4.6,Beginner,180000
351,77,Fundamentals of Project Planning and Management,University of Virginia,COURSE,4.7,Beginner,120000
352,165,Fundamentals of Quantitative Modeling,University of Pennsylvania,COURSE,4.6,Mixed,110000
353,475,Fundamentals of Reinforcement Learning,University of Alberta,COURSE,4.8,Intermediate,22000
354,520,Fundamentals of Visualization with Tableau,"University of California, Davis",COURSE,4.5,Beginner,81000
355,742,Fundamentos Empresariales,University of Pennsylvania,SPECIALIZATION,4.6,Beginner,25000
356,857,Fundamentos Estratégicos Empresariales,Universidad Nacional Autónoma de México,SPECIALIZATION,4.6,Beginner,56000
357,724,Fundamentos de Excel para Negocios,Universidad Austral,COURSE,4.7,Beginner,150000
358,388,Fundamentos de Finanzas Empresariales,Universidad de los Andes,COURSE,4.8,Beginner,110000
359,705,Fundamentos de la escritura,Tecnológico de Monterrey,COURSE,4.6,Beginner,47000
360,370,Fundraising and Development,"University of California, Davis",SPECIALIZATION,4.6,Beginner,4900
361,145,Futures Thinking,Institute for the Future,SPECIALIZATION,4.8,Beginner,9400
362,115,G Suite Administration,Google Cloud,SPECIALIZATION,4.7,Beginner,10000
363,286,"GIS, Mapping, and Spatial Analysis",University of Toronto,SPECIALIZATION,4.8,Beginner,140000
364,206,Game Design and Development,Michigan State University,SPECIALIZATION,4.7,Intermediate,100000
365,141,Game Theory,Stanford University,COURSE,4.6,Beginner,260000
366,268,Gamification,University of Pennsylvania,COURSE,4.8,Mixed,110000
367,802,Gender and Sexuality: Diversity and Inclusion in the Workplace,University of Pittsburgh,COURSE,4.7,Beginner,14000
368,76,Genomic Data Science,Johns Hopkins University,SPECIALIZATION,4.4,Intermediate,80000
369,79,Geographic Information Systems  (GIS),"University of California, Davis",SPECIALIZATION,4.8,Beginner,97000
370,694,Geopolitics of Europe,Sciences Po,COURSE,4.3,Mixed,19000
371,567,Geopolítica y gobernanza global: riesgos y oportunidades,ESADE Business and Law School,COURSE,4.8,Mixed,34000
372,650,Gestión de organizaciones efectivas,Pontificia Universidad Católica de Chile,COURSE,4.7,Mixed,47000
373,540,Get Interactive: Practical Teaching with Technology,Bloomsbury Learning Exchange,COURSE,4.7,Beginner,14000
374,681,Getting Started With Music Theory,Michigan State University,COURSE,4.5,Beginner,59000
375,568,Getting Started with AWS Machine Learning,Amazon Web Services,COURSE,4.5,Intermediate,73000
376,734,Getting Started with Go,"University of California, Irvine",COURSE,4.6,Intermediate,59000
377,422,Getting Started with Google Kubernetes Engine,Google Cloud,COURSE,4.5,Intermediate,75000
378,411,Getting Started with Google Sheets,Google Cloud,COURSE,4.6,Beginner,18000
379,538,Getting Started with SAS Programming,SAS,COURSE,4.9,Beginner,22000
380,192,Global Diplomacy – Diplomacy in the Modern World,SOAS University of London,COURSE,4.6,Mixed,79000
381,400,Global Diplomacy: the United Nations in the World,SOAS University of London,COURSE,4.7,Beginner,29000
382,643,Global Energy and Climate Policy,SOAS University of London,COURSE,4.5,Beginner,10000
383,578,Global Environmental Management,Technical University of Denmark (DTU),COURSE,4.6,Intermediate,22000
384,835,Global Financial Markets and Instruments,Rice University,COURSE,4.6,Mixed,37000
385,761,Global Financing Solutions  (by EDHEC and Société Générale),EDHEC Business School,COURSE,4.6,Intermediate,3600
386,740,Global Trends for Business and Society,University of Pennsylvania,COURSE,4.8,Mixed,7600
387,717,"Globalization, Economic Growth and Stability",IE Business School,SPECIALIZATION,4.8,Intermediate,44000
388,355,Good with Words: Writing and Editing,University of Michigan,SPECIALIZATION,4.6,Beginner,3800
389,227,Google Cloud Platform Big Data and Machine Learning Fundamentals,Google Cloud,COURSE,4.6,Intermediate,120000
390,849,Google Cloud Platform Fundamentals for AWS Professionals,Google Cloud,COURSE,4.7,Intermediate,36000
391,25,Google IT Automation with Python,Google,PROFESSIONAL CERTIFICATE,4.7,Beginner,93000
392,4,Google IT Support,Google,PROFESSIONAL CERTIFICATE,4.8,Beginner,350000
393,385,Grammar and Punctuation,"University of California, Irvine",COURSE,4.7,Mixed,430000
394,513,Graphic Design Elements for Non-Designers,University of Colorado Boulder,SPECIALIZATION,4.7,Beginner,10000
395,287,Greek and Roman Mythology,University of Pennsylvania,COURSE,4.8,Mixed,260000
396,369,Greening the Economy: Sustainable Cities,Lund University,COURSE,4.6,Beginner,56000
397,757,Guitar for Beginners,Berklee College of Music,COURSE,4.8,Mixed,210000
398,710,Gut Check: Exploring Your Microbiome,University of California San Diego,COURSE,4.7,Mixed,62000
399,329,"HTML, CSS, and Javascript for Web Developers",Johns Hopkins University,COURSE,4.8,Mixed,240000
400,231,Habilidades Gerenciales,Universidad Nacional Autónoma de México,SPECIALIZATION,4.7,Beginner,43000
401,785,Hacia una práctica constructivista en el aula,Pontificia Universidad Católica de Chile,COURSE,4.8,Mixed,62000
402,803,Hardware Description Languages for FPGA Design,University of Colorado Boulder,COURSE,4.2,Intermediate,7400
403,429,Healing with the Arts,University of Florida,COURSE,4.6,Mixed,39000
404,244,Health Informatics,Johns Hopkins University,SPECIALIZATION,4.5,Beginner,8100
405,739,Health Information Literacy for Data Analytics,"University of California, Davis",SPECIALIZATION,4.5,Intermediate,5400
406,373,Healthcare Law,University of Pennsylvania,SPECIALIZATION,4.7,Intermediate,1700
407,423,Healthcare Marketplace,University of Minnesota,SPECIALIZATION,4.4,Beginner,36000
408,596,Healthcare Organization Operations,Rutgers the State University of New Jersey,SPECIALIZATION,4.6,Beginner,5500
409,845,"High Performance Collaboration: Leadership, Teamwork, and Negotiation",Northwestern University,COURSE,4.8,Mixed,46000
410,700,Homeland Security and Cybersecurity,University of Colorado System,SPECIALIZATION,4.7,Beginner,5500
411,177,"Hotel Management: Distribution, Revenue and Demand Management",ESSEC Business School,SPECIALIZATION,4.6,Beginner,28000
412,554,How Things Work: An Introduction to Physics,University of Virginia,COURSE,4.8,Intermediate,170000
413,767,How To Create a Website in a Weekend! (Project-Centered Course),The State University of New York,COURSE,3.3,Mixed,140000
414,609,How to Start Your Own Business,Michigan State University,SPECIALIZATION,4.1,Beginner,34000
415,52,Human Resource Management: HR for People Managers,University of Minnesota,SPECIALIZATION,4.7,Beginner,98000
416,34,IBM AI Engineering,IBM,PROFESSIONAL CERTIFICATE,4.6,Intermediate,140000
417,571,IBM AI Enterprise Workflow,IBM,SPECIALIZATION,4.4,Advanced,3500
418,12,IBM Applied AI,IBM,PROFESSIONAL CERTIFICATE,4.6,Beginner,220000
419,408,IBM Customer Engagement Specialist Professional Certificate,IBM,COURSE,4.8,Beginner,3300
420,0,IBM Data Science,IBM,PROFESSIONAL CERTIFICATE,4.6,Beginner,480000
421,98,IT Fundamentals for Cybersecurity,IBM,SPECIALIZATION,4.5,Beginner,35000
422,476,IT Security: Defense against the digital dark arts,Google,COURSE,4.8,Beginner,62000
423,856,"Identifying, Monitoring, and Analyzing Risk and Incident Response and Recovery",(ISC)²,COURSE,4.9,Beginner,1700
424,562,Implementación del Marketing Mix,IE Business School,SPECIALIZATION,4.7,Beginner,23000
425,640,Implementing RPA with Cognitive Automation and Analytics,Automation Anywhere,SPECIALIZATION,4.6,Beginner,2200
426,36,Improve Your English Communication Skills,Georgia Institute of Technology,SPECIALIZATION,4.7,Beginner,610000
427,123,"Improving Deep Neural Networks: Hyperparameter tuning, Regularization and Optimization",deeplearning.ai,COURSE,4.9,Beginner,270000
428,748,Improving Leadership & Governance in Nonprofit Organizations,Luther College at the University of Regina,SPECIALIZATION,4.4,Beginner,18000
429,318,In the Studio: Postwar Abstract Painting,The Museum of Modern Art,COURSE,4.9,Beginner,79000
430,110,Indigenous Canada,University of Alberta,COURSE,4.8,Mixed,51000
431,572,Industrial IoT on Google Cloud Platform,Google Cloud,COURSE,4.5,Beginner,34000
432,401,Infectious Disease Modelling,Imperial College London,SPECIALIZATION,5.0,Intermediate,1600
433,805,Influencer Marketing Strategy,Rutgers the State University of New Jersey,COURSE,4.4,Intermediate,12000
434,224,"Influencing: Storytelling, Change Management and Governance",Macquarie University,SPECIALIZATION,4.8,Beginner,22000
435,549,Information Security: Context and Introduction,"Royal Holloway, University of London",COURSE,4.6,Beginner,32000
436,537,Information Visualization,New York University,SPECIALIZATION,4.6,Beginner,10000
437,485,Information​ ​Systems,University of Minnesota,SPECIALIZATION,4.7,Beginner,16000
438,169,Initiating and Planning Projects,"University of California, Irvine",COURSE,4.7,Mixed,180000
439,365,Innovation Management,Erasmus University Rotterdam,COURSE,4.6,Beginner,40000
440,747,"Innovation Through Design: Think, Make, Break, Repeat",The University of Sydney,COURSE,4.8,Beginner,10000
441,673,Innovation: From Creativity to Entrepreneurship,University of Illinois at Urbana-Champaign,SPECIALIZATION,4.8,Beginner,25000
442,219,Inspirational Leadership: Leading with Sense,HEC Paris,SPECIALIZATION,4.5,Beginner,72000
443,184,Inspired Leadership,Case Western Reserve University,SPECIALIZATION,4.7,Intermediate,97000
444,443,Inspiring and Motivating Individuals,University of Michigan,COURSE,4.8,Mixed,85000
445,345,Instructional Design Foundations and Applications,University of Illinois at Urbana-Champaign,COURSE,4.2,Mixed,12000
446,837,Instructional Methods in Health Professions Education,University of Michigan,COURSE,4.6,Intermediate,9700
447,171,Integrative Health and Medicine,University of Minnesota,SPECIALIZATION,4.8,Beginner,14000
448,120,Intellectual Property Law,University of Pennsylvania,SPECIALIZATION,4.8,Intermediate,8700
449,128,Interaction Design,University of California San Diego,SPECIALIZATION,4.5,Intermediate,150000
450,762,Intercultural Management,ESCP Business School,COURSE,4.6,Beginner,6500
451,451,International Business Essentials,University of London,SPECIALIZATION,4.5,Intermediate,22000
452,701,International Cyber Conflicts,The State University of New York,COURSE,4.4,Mixed,25000
453,404,International Humanitarian Law in Theory and Practice,Kalshoven-Gieskes Forum,COURSE,4.8,Beginner,22000
454,579,International Law in Action: A Guide to the International Courts and Tribunals in The Hague,Universiteit Leiden,COURSE,4.8,Mixed,36000
455,280,International Law in Action: the Arbitration of International Disputes,Universiteit Leiden,COURSE,4.8,Mixed,19000
456,228,International Leadership and Organizational Behavior,Università Bocconi,COURSE,4.8,Mixed,41000
457,615,International Marketing & Cross Industry Growth,Yonsei University,SPECIALIZATION,4.6,Beginner,26000
458,346,International Organizations Management,University of Geneva,COURSE,4.8,Beginner,20000
459,447,International Security Management,Erasmus University Rotterdam,COURSE,4.5,Beginner,2200
460,193,International Women's Health and Human Rights,Stanford University,COURSE,4.9,Beginner,35000
461,593,International migrations: a global issue,Sciences Po,COURSE,4.6,Beginner,11000
462,667,Internet Connection: How to Get Online?,Cisco,COURSE,4.7,Beginner,36000
463,834,Internet Giants: The Law and Economics of Media Platforms,The University of Chicago,COURSE,4.8,Mixed,38000
464,582,Interviewing and Resume Writing in English,"University of Maryland, College Park",SPECIALIZATION,4.6,Intermediate,66000
465,495,Introducción a Data Science: Programación Estadística con R,Universidad Nacional Autónoma de México,COURSE,4.7,Beginner,140000
466,327,Introducción a la programación en Python I: Aprendiendo a programar con Python,Pontificia Universidad Católica de Chile,COURSE,4.4,Beginner,100000
467,844,Introduction aux Droits de l’Homme,University of Geneva,COURSE,4.8,Mixed,46000
468,830,Introduction to Ableton Live,Berklee College of Music,COURSE,4.8,Mixed,60000
469,427,Introduction to Artificial Intelligence (AI),IBM,COURSE,4.7,Beginner,44000
470,862,Introduction to Big Data,University of California San Diego,COURSE,4.6,Mixed,160000
471,608,Introduction to Blockchain Technologies,INSEAD,COURSE,4.7,Beginner,16000
472,620,Introduction to Breast Cancer,Yale University,COURSE,4.9,Mixed,27000
473,713,Introduction to Business Analytics: Communicating with Data,University of Illinois at Urbana-Champaign,COURSE,4.7,Intermediate,14000
474,664,Introduction to CSS3,University of Michigan,COURSE,4.8,Mixed,84000
475,412,Introduction to Calculus,The University of Sydney,COURSE,4.8,Intermediate,53000
476,879,Introduction to Chemistry:  Reactions and Ratios,Duke University,COURSE,4.8,Beginner,46000
477,421,Introduction to Classical Music,Yale University,COURSE,4.9,Mixed,150000
478,594,Introduction to Cloud Computing,IBM,COURSE,4.6,Beginner,2600
479,780,Introduction to Computer Programming,"Goldsmiths, University of London",COURSE,4.3,Beginner,20000
480,254,Introduction to Computer Science and Programming,"Goldsmiths, University of London",SPECIALIZATION,4.3,Beginner,32000
481,336,Introduction to Corporate Finance,University of Pennsylvania,COURSE,4.6,Mixed,130000
482,723,Introduction to Cyber Attacks,New York University,COURSE,4.7,Beginner,27000
483,183,Introduction to Cyber Security,New York University,SPECIALIZATION,4.7,Beginner,32000
484,469,Introduction to Cybersecurity Tools & Cyber Attacks,IBM,COURSE,4.5,Beginner,30000
485,548,Introduction to Data Analysis Using Excel,Rice University,COURSE,4.7,Mixed,99000
486,1,Introduction to Data Science,IBM,SPECIALIZATION,4.6,Beginner,310000
487,187,Introduction to Data Science in Python,University of Michigan,COURSE,4.5,Intermediate,390000
488,253,Introduction to Dental Medicine,University of Pennsylvania,COURSE,4.8,Beginner,25000
489,196,Introduction to Discrete Mathematics for Computer Science,National Research University Higher School of Economics,SPECIALIZATION,4.4,Beginner,75000
490,745,Introduction to Electronics,Georgia Institute of Technology,COURSE,4.7,Mixed,110000
491,649,Introduction to Embedded Systems Software and Development Environments,University of Colorado Boulder,COURSE,4.5,Intermediate,41000
492,628,Introduction to Engineering Mechanics,Georgia Institute of Technology,COURSE,4.7,Mixed,150000
493,511,Introduction to Environmental Law and Policy,The University of North Carolina at Chapel Hill,COURSE,4.8,Mixed,34000
494,204,Introduction to Financial Accounting,University of Pennsylvania,COURSE,4.7,Mixed,200000
495,377,Introduction to Forensic Science,"Nanyang Technological University, Singapore",COURSE,4.9,Mixed,47000
496,850,Introduction to Game Development,Michigan State University,COURSE,4.8,Mixed,79000
497,499,Introduction to Genetics and Evolution,Duke University,COURSE,4.8,Mixed,74000
498,878,Introduction to Genomic Technologies,Johns Hopkins University,COURSE,4.6,Mixed,42000
499,307,Introduction to HTML5,University of Michigan,COURSE,4.7,Mixed,220000
500,774,Introduction to Imagemaking,California Institute of the Arts,COURSE,4.5,Beginner,54000
501,689,Introduction to Intellectual Property,University of Pennsylvania,COURSE,4.8,Beginner,6000
502,417,Introduction to International Criminal Law,Case Western Reserve University,COURSE,4.8,Mixed,82000
503,136,Introduction to Marketing,University of Pennsylvania,COURSE,4.8,Mixed,220000
504,340,Introduction to Mathematical Thinking,Stanford University,COURSE,4.8,Intermediate,270000
505,533,Introduction to Operations Management,University of Pennsylvania,COURSE,4.5,Mixed,87000
506,542,Introduction to Personal Branding,University of Virginia,COURSE,4.4,Beginner,140000
507,235,Introduction to Philosophy,The University of Edinburgh,COURSE,4.6,Mixed,370000
508,617,Introduction to Portfolio Construction and Analysis with Python,EDHEC Business School,COURSE,4.8,Mixed,11000
509,473,Introduction to Probability and Data,Duke University,COURSE,4.7,Beginner,160000
510,190,Introduction to Programming in C,Duke University,SPECIALIZATION,4.7,Beginner,82000
511,308,Introduction to Programming with MATLAB,Vanderbilt University,COURSE,4.8,Beginner,270000
512,29,Introduction to Psychology,Yale University,COURSE,4.9,Beginner,270000
513,293,Introduction to Scripting in Python,Rice University,SPECIALIZATION,4.7,Beginner,49000
514,729,Introduction to Self-Driving Cars,University of Toronto,COURSE,4.8,Advanced,39000
515,339,Introduction to Spreadsheets and Models,University of Pennsylvania,COURSE,4.2,Mixed,76000
516,766,Introduction to Statistics & Data Analysis in Public Health,Imperial College London,COURSE,4.7,Beginner,12000
517,312,Introduction to Sustainability,University of Illinois at Urbana-Champaign,COURSE,4.8,Mixed,69000
518,250,Introduction to Systematic Review and Meta-Analysis,Johns Hopkins University,COURSE,4.8,Mixed,67000
519,758,Introduction to Systems Engineering,UNSW Sydney (The University of New South Wales),COURSE,4.7,Mixed,33000
520,230,"Introduction to TensorFlow for Artificial Intelligence, Machine Learning, and Deep Learning",deeplearning.ai,COURSE,4.7,Intermediate,150000
521,735,Introduction to Thermodynamics: Transferring Energy from Here to There,University of Michigan,COURSE,4.8,Beginner,4100
522,659,"Introduction to Trading, Machine Learning & GCP",New York Institute of Finance,COURSE,4.0,Intermediate,13000
523,557,Introduction to Typography,California Institute of the Arts,COURSE,4.8,Beginner,72000
524,428,Introduction to User Experience Design,Georgia Institute of Technology,COURSE,4.5,Beginner,87000
525,744,Introduction to User Experience Principles and Processes,University of Michigan,COURSE,4.8,Beginner,16000
526,625,Introduction to Web Development,"University of California, Davis",COURSE,4.7,Beginner,76000
527,194,Introduction to the Biology of Cancer,Johns Hopkins University,COURSE,4.8,Beginner,110000
528,270,Introductory Human Physiology,Duke University,COURSE,4.7,Mixed,270000
529,741,Introdução aos Princípios e Práticas da Gestão De Projetos,Universidade de São Paulo,SPECIALIZATION,4.9,Beginner,4500
530,866,Introdução à Ciência da Computação com Python Parte 1,Universidade de São Paulo,COURSE,4.9,Beginner,120000
531,80,Investment Management,University of Geneva,SPECIALIZATION,4.7,Beginner,99000
532,147,Investment Management with Python and Machine Learning,EDHEC Business School,SPECIALIZATION,4.6,Beginner,14000
533,195,Investment and Portfolio Management,Rice University,SPECIALIZATION,4.5,Beginner,49000
534,639,Japanese for beginners 1,Saint Petersburg State University,COURSE,4.6,Beginner,4400
535,45,Java Programming and Software Engineering Fundamentals,Duke University,SPECIALIZATION,4.6,Beginner,380000
536,518,Java Programming: Solving Problems with Software,Duke University,COURSE,4.6,Beginner,160000
537,586,Julia Scientific Programming,University of Cape Town,COURSE,4.5,Beginner,22000
538,546,Kotlin for Java Developers,JetBrains,COURSE,4.7,Intermediate,37000
539,516,L'excellence opérationnelle en pratique,ESSEC Business School,COURSE,4.7,Beginner,8000
540,750,"L'impact investing, la finance qui change le monde",ESSEC Business School,SPECIALIZATION,4.6,Beginner,6300
541,654,Leadership Development for Engineers,Rice University,SPECIALIZATION,4.7,Beginner,17000
542,577,Leadership in 21st Century Organizations,Copenhagen Business School,COURSE,4.7,Mixed,34000
543,656,Leading Healthcare Quality and Safety,The George Washington University,COURSE,4.8,Beginner,16000
544,61,Leading People and Teams,University of Michigan,SPECIALIZATION,4.7,Beginner,220000
545,755,"Leading for Equity, Diversity and Inclusion in Higher Education",University of Michigan,COURSE,4.7,Intermediate,5900
546,433,Leading: Human Resource Management and Leadership,Macquarie University,SPECIALIZATION,4.8,Intermediate,16000
547,155,Learn Chinese: HSK Test Preparation,Peking University,SPECIALIZATION,4.8,Beginner,43000
548,786,Learn English,Tsinghua University,SPECIALIZATION,4.3,Beginner,22000
549,394,Learn English: Advanced Academic Speaking and Listening,"University of California, Irvine",SPECIALIZATION,4.5,Intermediate,78000
550,271,Learn English: Advanced Grammar and Punctuation,"University of California, Irvine",SPECIALIZATION,4.8,Advanced,52000
551,172,Learn English: Intermediate Grammar,"University of California, Irvine",SPECIALIZATION,4.7,Intermediate,120000
552,360,Learn Mandarin Chinese,Shanghai Jiao Tong University,SPECIALIZATION,4.8,Beginner,39000
553,74,Learn SQL Basics for Data Science,"University of California, Davis",SPECIALIZATION,4.6,Beginner,160000
554,112,Learn Spanish: Basic Spanish Vocabulary,"University of California, Davis",SPECIALIZATION,4.6,Beginner,80000
555,260,Learn to Program: The Fundamentals,University of Toronto,COURSE,4.8,Beginner,180000
556,311,Learn to Speak Korean 1,Yonsei University,COURSE,4.9,Beginner,120000
557,90,Learning to Teach Online,UNSW Sydney (The University of New South Wales),COURSE,4.7,Beginner,68000
558,839,Legal Tech & Startups,IE Business School,COURSE,4.5,Intermediate,7200
559,541,Les Fondamentaux de la Négociation,ESSEC Business School,COURSE,4.7,Beginner,10000
560,699,Liderazgo efectivo para el siglo XXI,Universidad de los Andes,SPECIALIZATION,4.8,Intermediate,23000
561,843,Linear Circuits 1: DC Analysis,Georgia Institute of Technology,COURSE,4.6,Mixed,29000
562,769,Love as a Force for Social Justice,Stanford University,COURSE,4.7,Beginner,14000
563,181,Machine Learning,University of Washington,SPECIALIZATION,4.6,Intermediate,290000
564,6,Machine Learning,Stanford University,COURSE,4.9,Mixed,3200
565,831,Machine Learning Foundations: A Case Study Approach,University of Washington,COURSE,4.6,Mixed,240000
566,352,Machine Learning and Reinforcement Learning in Finance,New York University,SPECIALIZATION,3.7,Intermediate,29000
567,585,Machine Learning for All,University of London,COURSE,4.6,Beginner,19000
568,264,Machine Learning for Business Professionals,Google Cloud,COURSE,4.6,Intermediate,58000
569,178,Machine Learning for Trading,Google Cloud,SPECIALIZATION,3.9,Intermediate,15000
570,321,Machine Learning with Python,IBM,COURSE,4.7,Intermediate,120000
571,125,Machine Learning with TensorFlow on Google Cloud Platform,Google Cloud,SPECIALIZATION,4.5,Intermediate,72000
572,791,Magic in the Middle Ages,Universitat de Barcelona,COURSE,4.6,Beginner,78000
573,435,Making Architecture,IE School of Architecture & Design,COURSE,4.7,Beginner,43000
574,73,Management of Fashion and Luxury Companies,Università Bocconi,COURSE,4.7,Mixed,120000
575,467,Managerial Accounting Fundamentals,University of Virginia,COURSE,4.9,Beginner,11000
576,409,Managerial Economics and Business Analysis,University of Illinois at Urbana-Champaign,SPECIALIZATION,4.7,Beginner,55000
577,91,Managing Innovation and Design Thinking,HEC Paris,SPECIALIZATION,4.7,Beginner,23000
578,556,Managing Project Risks and Changes,"University of California, Irvine",COURSE,4.7,Mixed,71000
579,558,Managing Social and Human Capital,University of Pennsylvania,COURSE,4.5,Beginner,27000
580,796,Managing Your Health: The Role of Physical Therapy and Exercise,University of Toronto,COURSE,4.6,Beginner,47000
581,380,Market Research,"University of California, Davis",SPECIALIZATION,4.5,Beginner,22000
582,241,Marketing Digital,Universidade de São Paulo,COURSE,4.8,Beginner,81000
583,325,Marketing Digital,Universidad Austral,SPECIALIZATION,4.7,Beginner,39000
584,449,Marketing Gerencial,Universidad de Chile,COURSE,4.7,Intermediate,49000
585,140,Marketing Mix Implementation,IE Business School,SPECIALIZATION,4.6,Beginner,93000
586,211,Marketing Strategy,IE Business School,SPECIALIZATION,4.4,Beginner,57000
587,669,Marketing Verde,Universidad de los Andes,COURSE,4.8,Mixed,58000
588,367,Marketing con Redes Sociales,Tecnológico de Monterrey,SPECIALIZATION,4.4,Intermediate,60000
589,310,Marketing in a Digital World,University of Illinois at Urbana-Champaign,COURSE,4.7,Beginner,310000
590,550,Mastering Data Analysis in Excel,Duke University,COURSE,4.2,Mixed,280000
591,575,Mastering Final Cut Pro,LearnQuest,COURSE,4.6,Beginner,8400
592,563,Mastering Software Development in R,Johns Hopkins University,SPECIALIZATION,4.3,Beginner,52000
593,840,Materials Science: 10 Things Every Engineer Should Know,"University of California, Davis",COURSE,4.7,Mixed,48000
594,480,Mathematics for Data Science,National Research University Higher School of Economics,SPECIALIZATION,4.5,Beginner,12000
595,55,Mathematics for Machine Learning,Imperial College London,SPECIALIZATION,4.6,Beginner,150000
596,223,Mathematics for Machine Learning: Linear Algebra,Imperial College London,COURSE,4.7,Beginner,140000
597,528,Mathematics for Machine Learning: Multivariate Calculus,Imperial College London,COURSE,4.7,Beginner,51000
598,873,Mathematics for Machine Learning: PCA,Imperial College London,COURSE,4.0,Intermediate,33000
599,335,Medical Cannabis: The Health Effects of THC and CBD,University of Colorado Boulder,SPECIALIZATION,4.8,Beginner,4800
600,214,Medical Neuroscience,Duke University,COURSE,4.9,Advanced,170000
601,258,Memoir and Personal Essay: Write About Yourself,Wesleyan University,SPECIALIZATION,4.3,Beginner,13000
602,87,Methods and Statistics in Social Sciences,University of Amsterdam,SPECIALIZATION,4.6,Beginner,260000
603,489,Microeconomics Principles,University of Illinois at Urbana-Champaign,COURSE,4.9,Beginner,73000
604,464,Microeconomics: The Power of Markets,University of Pennsylvania,COURSE,4.7,Mixed,34000
605,470,Mindshift: Break Through Obstacles to Learning and Discover Your Hidden Potential,McMaster University,COURSE,4.8,Beginner,230000
606,517,Miracles of Human Language: An Introduction to Linguistics,Universiteit Leiden,COURSE,4.7,Beginner,120000
607,505,Model Thinking,University of Michigan,COURSE,4.8,Mixed,130000
608,706,Modeling Risk and Realities,University of Pennsylvania,COURSE,4.6,Mixed,36000
609,101,Modern Art & Ideas,The Museum of Modern Art,COURSE,4.7,Beginner,310000
610,296,Modern Big Data Analysis with SQL,Cloudera,SPECIALIZATION,4.8,Beginner,14000
611,333,"Modern Robotics:  Mechanics, Planning, and Control",Northwestern University,SPECIALIZATION,4.7,Intermediate,21000
612,523,Modernizing Data Lakes and Data Warehouses with GCP,Google Cloud,COURSE,4.7,Intermediate,9100
613,176,Moral Foundations of Politics,Yale University,COURSE,4.8,Mixed,100000
614,481,More Introduction to Financial Accounting,University of Pennsylvania,COURSE,4.9,Mixed,40000
615,652,Mountains 101,University of Alberta,COURSE,4.9,Mixed,44000
616,597,Municipal Solid Waste Management in Developing Countries,École Polytechnique Fédérale de Lausanne,COURSE,4.8,Intermediate,59000
617,188,Music Business,Berklee College of Music,SPECIALIZATION,4.8,Beginner,42000
618,784,Music Business Foundations,Berklee College of Music,COURSE,4.9,Mixed,34000
619,94,Music Production,Berklee College of Music,SPECIALIZATION,4.8,Beginner,70000
620,685,Nanotechnology: A Maker’s Course,Duke University,COURSE,4.8,Mixed,21000
621,431,Natural Language Processing in TensorFlow,deeplearning.ai,COURSE,4.6,Intermediate,40000
622,341,Negociación exitosa: Estrategias y habilidades esenciales (en español),University of Michigan,COURSE,4.8,Mixed,95000
623,226,"Negotiation, Mediation and Conflict Resolution",ESSEC Business School,SPECIALIZATION,4.7,Beginner,22000
624,842,Networking and Security Architecture with VMware NSX,VMware,COURSE,4.8,Intermediate,17000
625,20,Networking in Google Cloud,Google Cloud,SPECIALIZATION,4.7,Intermediate,290000
626,62,Neural Networks and Deep Learning,deeplearning.ai,COURSE,4.9,Intermediate,630000
627,471,Neurolinguistics,Saint Petersburg State University,COURSE,4.7,Mixed,41000
628,795,New Approaches to Countering Terror: Countering Violent Extremism,"University of Maryland, College Park",COURSE,4.7,Beginner,12000
629,343,Newborn Baby Care,University of Colorado System,SPECIALIZATION,4.8,Beginner,5300
630,252,Nutrición y obesidad: control de sobrepeso,Universidad Nacional Autónoma de México,COURSE,4.8,Beginner,100000
631,535,Nutrition and Lifestyle in Pregnancy,Ludwig-Maximilians-Universität München (LMU),COURSE,4.8,Intermediate,35000
632,255,Object Oriented Java Programming: Data Structures and Beyond,University of California San Diego,SPECIALIZATION,4.7,Intermediate,250000
633,86,Object Oriented Programming in Java,Duke University,SPECIALIZATION,4.6,Beginner,330000
634,510,Object-Oriented Data Structures in C++,University of Illinois at Urbana-Champaign,COURSE,4.7,Intermediate,21000
635,887,Object-Oriented Design,University of Alberta,COURSE,4.7,Intermediate,33000
636,323,Oil & Gas Industry Operations and Markets,Duke University,COURSE,4.8,Mixed,57000
637,416,"Open Source Software Development, Linux and Git",The Linux Foundation,SPECIALIZATION,4.4,Beginner,13000
638,316,Operating Systems and You: Becoming a Power User,Google,COURSE,4.6,Beginner,76000
639,398,Operations Analytics,University of Pennsylvania,COURSE,4.7,Mixed,80000
640,472,Optical Engineering,University of Colorado Boulder,SPECIALIZATION,4.2,Advanced,6200
641,116,Organizational Leadership,Northwestern University,SPECIALIZATION,4.7,Intermediate,92000
642,867,Osteoarchaeology: The Truth in Our Bones,Universiteit Leiden,COURSE,4.7,Beginner,22000
643,765,Palliative Care: It's Not Just Hospice Anymore,University of Colorado System,SPECIALIZATION,4.8,Beginner,3200
644,526,Palo Alto Networks Cybersecurity,Palo Alto Networks,SPECIALIZATION,4.6,Beginner,9100
645,445,"Parallel, Concurrent, and Distributed Programming in Java",Rice University,SPECIALIZATION,4.5,Intermediate,30000
646,872,Particle Physics: an Introduction,University of Geneva,COURSE,4.5,Mixed,42000
647,309,Patient Safety,Johns Hopkins University,SPECIALIZATION,4.8,Beginner,8800
648,810,Patrocinio Deportivo,Universitat Autònoma de Barcelona,COURSE,4.6,Beginner,12000
649,362,People Analytics,University of Pennsylvania,COURSE,4.5,Mixed,84000
650,665,Perfect Tenses and Modals,"University of California, Irvine",COURSE,4.7,Intermediate,79000
651,668,Periodismo digital y combate a las fake news,Universidad Nacional Autónoma de México,COURSE,4.9,Beginner,8900
652,105,Photography Basics and Beyond: From Smartphone to DSLR,Michigan State University,SPECIALIZATION,4.7,Beginner,160000
653,503,Plant Bioinformatic Methods,University of Toronto,SPECIALIZATION,4.7,Beginner,83000
654,477,Politics and Economics of International Energy,Sciences Po,COURSE,4.7,Beginner,34000
655,216,Positive Psychiatry and Mental Health,The University of Sydney,COURSE,4.8,Mixed,72000
656,291,Positive Psychology,The University of North Carolina at Chapel Hill,COURSE,4.7,Mixed,180000
657,606,Positive Psychology: Applications and Interventions,University of Pennsylvania,COURSE,4.8,Beginner,23000
658,240,Positive Psychology: Martin E. P. Seligman’s Visionary Science,University of Pennsylvania,COURSE,4.8,Beginner,50000
659,646,Positive Psychology: Resilience Skills,University of Pennsylvania,COURSE,4.6,Beginner,40000
660,348,Power Electronics,University of Colorado Boulder,SPECIALIZATION,4.8,Intermediate,67000
661,320,Practical Data Science with MATLAB,MathWorks,SPECIALIZATION,4.7,Beginner,10000
662,692,Practical Time Series Analysis,The State University of New York,COURSE,4.6,Intermediate,39000
663,808,Preparing for the Google Cloud Associate Cloud Engineer Exam,Google Cloud,COURSE,4.7,Beginner,22000
664,389,Preparing to Manage Human Resources,University of Minnesota,COURSE,4.8,Mixed,68000
665,299,"Presentation Skills: Speechwriting, Slides and Delivery",E-Learning Development Fund,SPECIALIZATION,4.6,Beginner,47000
666,215,Pricing Strategy Optimization,BCG,SPECIALIZATION,4.8,Beginner,20000
667,57,Primeros Auxilios Psicológicos (PAP),Universitat Autònoma de Barcelona,COURSE,4.8,Mixed,280000
668,114,Private Equity and Venture Capital,Università Bocconi,COURSE,4.8,Mixed,79000
669,683,Probabilistic Graphical Models 1: Representation,Stanford University,COURSE,4.7,Advanced,68000
670,715,Probability and Statistics: To p or not to p?,University of London,COURSE,4.6,Beginner,36000
671,626,Process Mining: Data science in Action,Eindhoven University of Technology,COURSE,4.8,Intermediate,39000
672,364,"Programming Foundations with JavaScript, HTML and CSS",Duke University,COURSE,4.6,Beginner,250000
673,732,Programming Fundamentals,Duke University,COURSE,4.7,Beginner,19000
674,47,Programming for Everybody (Getting Started with Python),University of Michigan,COURSE,4.8,Mixed,1300
675,208,Programming with Google Go,"University of California, Irvine",SPECIALIZATION,4.6,Intermediate,18000
676,731,Project Execution,"University of California, Irvine",COURSE,4.2,Beginner,70000
677,284,Project Launch,"University of California, Irvine",COURSE,4.7,Beginner,190000
678,31,Project Management & Other Tools for Career Development,"University of California, Irvine",SPECIALIZATION,4.6,Beginner,440000
679,30,Project Management Principles and Practices,"University of California, Irvine",SPECIALIZATION,4.7,Beginner,230000
680,37,Psychological First Aid,Johns Hopkins University,COURSE,4.8,Mixed,190000
681,424,Public Policy Challenges of the 21st Century,University of Virginia,COURSE,4.6,Beginner,52000
682,279,Python Basics,University of Michigan,COURSE,4.8,Beginner,110000
683,869,Python Classes and Inheritance,University of Michigan,COURSE,4.7,Intermediate,21000
684,111,Python Data Structures,University of Michigan,COURSE,4.9,Mixed,420000
685,555,"Python Functions, Files, and Dictionaries",University of Michigan,COURSE,4.8,Beginner,26000
686,374,Python and Statistics for Financial Analysis,The Hong Kong University of Science and Technology,COURSE,4.4,Intermediate,41000
687,152,Python for Data Science and AI,IBM,COURSE,4.6,Beginner,170000
688,3,Python for Everybody,University of Michigan,SPECIALIZATION,4.8,Beginner,1500
689,823,Quantitative Methods,University of Amsterdam,COURSE,4.7,Mixed,69000
690,827,Queering Identities: LGBTQ+ Sexuality and Gender Identity,University of Colorado System,COURSE,4.9,Beginner,3000
691,317,R Programming,Johns Hopkins University,COURSE,4.6,Intermediate,480000
692,771,"Ready, Set, Future! Introduction to Futures Thinking",Institute for the Future,COURSE,4.8,Beginner,7700
693,553,Recommender Systems,University of Minnesota,SPECIALIZATION,4.3,Intermediate,29000
694,658,"Recruiting, Hiring, and Onboarding Employees",University of Minnesota,COURSE,4.7,Mixed,35000
695,82,Reinforcement Learning,University of Alberta,SPECIALIZATION,4.7,Intermediate,23000
696,532,Renewable Energy and Green Building Entrepreneurship,Duke University,COURSE,4.7,Beginner,24000
697,634,Reporting extra-financier et stratégie RSE,ESSEC Business School,COURSE,4.7,Beginner,5200
698,868,Requirements Engineering: Secure Software  Specifications,University of Colorado System,SPECIALIZATION,4.6,Beginner,7200
699,876,Research Data Management and Sharing,The University of Edinburgh,COURSE,4.6,Mixed,16000
700,622,"Resilience in Children Exposed to Trauma, Disaster and War: Global Perspectives",University of Minnesota,COURSE,4.8,Mixed,15000
701,289,Responsive Website Development and Design,"Goldsmiths, University of London",SPECIALIZATION,4.5,Beginner,170000
702,414,Rethinking International Tax Law,Universiteit Leiden,COURSE,4.9,Mixed,36000
703,386,Revisão Sistemática e Meta-análise,Universidade Estadual de Campinas,COURSE,4.9,Intermediate,17000
704,315,Robotics,University of Pennsylvania,SPECIALIZATION,4.4,Beginner,120000
705,632,Roman Architecture,Yale University,COURSE,4.9,Beginner,30000
706,833,Russian Alphabet,Saint Petersburg State University,COURSE,4.7,Beginner,3200
707,180,Russian for beginners А1. Русский язык: A1,Saint Petersburg State University,SPECIALIZATION,4.7,Beginner,7000
708,331,Réussir le Changement,ESSEC Business School,COURSE,4.5,Mixed,33000
709,160,SAS Programmer,SAS,PROFESSIONAL CERTIFICATE,4.8,Beginner,370000
710,393,SAS Visual Business Analytics,SAS,PROFESSIONAL CERTIFICATE,4.6,Beginner,2600
711,332,SQL for Data Science,"University of California, Davis",COURSE,4.6,Beginner,160000
712,601,Sales Operations/Management,West Virginia University,SPECIALIZATION,4.4,Beginner,5600
713,781,Sales Training for High Performing Teams,HubSpot Academy,SPECIALIZATION,4.7,Beginner,16000
714,763,Sample-based Learning Methods,University of Alberta,COURSE,4.8,Intermediate,6800
715,860,Scaling Operations: Linking Strategy and Execution,Northwestern University,COURSE,4.5,Mixed,12000
716,368,School Health for Children and Adolescents,University of Colorado System,SPECIALIZATION,4.8,Beginner,9100
717,121,Science of Exercise,University of Colorado Boulder,COURSE,4.8,Beginner,140000
718,629,Search Engine Optimization Fundamentals,"University of California, Davis",COURSE,4.7,Mixed,47000
719,836,Secure Coding Practices,"University of California, Davis",SPECIALIZATION,4.4,Intermediate,6400
720,712,Security & Safety Challenges in a Globalized World,Universiteit Leiden,COURSE,4.7,Beginner,14000
721,19,Security in Google Cloud Platform,Google Cloud,SPECIALIZATION,4.7,Intermediate,300000
722,154,Self-Driving Cars,University of Toronto,SPECIALIZATION,4.7,Advanced,39000
723,285,Sequence Models,deeplearning.ai,COURSE,4.8,Intermediate,14000
724,772,Sexualidad...mucho más que sexo,Universidad de los Andes,COURSE,4.8,Beginner,110000
725,695,Sharpened Visions: A Poetry Workshop,California Institute of the Arts,COURSE,4.7,Beginner,61000
726,304,Site Reliability Engineering: Measuring and Managing Reliability,Google Cloud,COURSE,4.5,Advanced,16000
727,167,Six Sigma Green Belt,University System of Georgia,SPECIALIZATION,4.7,Intermediate,18000
728,792,Six Sigma and the Organization (Advanced),University System of Georgia,COURSE,4.7,Intermediate,15000
729,814,"Sleep: Neurobiology, Medicine, and Society",University of Michigan,COURSE,4.8,Beginner,20000
730,660,Smart Cities – Management of Smart Urban Infrastructures,École Polytechnique Fédérale de Lausanne,COURSE,4.6,Beginner,22000
731,817,Social Entrepreneurship,Copenhagen Business School,SPECIALIZATION,4.6,Beginner,13000
732,49,Social Media Marketing,Northwestern University,SPECIALIZATION,4.6,Beginner,130000
733,440,"Social Norms, Social Change I",University of Pennsylvania,COURSE,4.6,Beginner,78000
734,574,Social Policy for Social Services & Health Practitioners,Columbia University,SPECIALIZATION,4.8,Beginner,4200
735,83,Social Psychology,Wesleyan University,COURSE,4.7,Beginner,220000
736,506,Social and Economic Networks:  Models and Analysis,Stanford University,COURSE,4.8,Advanced,42000
737,186,Software Design and Architecture,University of Alberta,SPECIALIZATION,4.6,Beginner,60000
738,402,Software Development Lifecycle,University of Minnesota,SPECIALIZATION,4.6,Intermediate,34000
739,859,Software Processes and Agile Practices,University of Alberta,COURSE,4.7,Mixed,60000
740,64,Software Product Management,University of Alberta,SPECIALIZATION,4.6,Beginner,110000
741,515,Solar Energy Basics,The State University of New York,COURSE,4.8,Beginner,17000
742,600,Songwriting: Writing the Lyrics,Berklee College of Music,COURSE,4.8,Beginner,68000
743,363,Soporte de Tecnologías de la Información de Google,Crece con Google,PROFESSIONAL CERTIFICATE,4.9,Beginner,8800
744,754,Spacecraft Dynamics and Control,University of Colorado Boulder,SPECIALIZATION,4.8,Advanced,12000
745,504,Spanish Vocabulary: Meeting People,"University of California, Davis",COURSE,4.6,Beginner,71000
746,334,"Speak English Professionally: In Person, Online & On the Phone",Georgia Institute of Technology,COURSE,4.6,Mixed,430000
747,200,Sports Marketing,Northwestern University,COURSE,4.7,Intermediate,12000
748,580,Sports and Society,Duke University,COURSE,4.8,Mixed,16000
749,68,Stanford Introduction to Food and Health,Stanford University,COURSE,4.7,Beginner,370000
750,680,Stanford's Short Course on Breastfeeding,Stanford University,COURSE,4.7,Beginner,17000
751,170,Statistical Analysis with R for Public Health,Imperial College London,SPECIALIZATION,4.7,Beginner,16000
752,127,Statistics with Python,University of Michigan,SPECIALIZATION,4.6,Beginner,34000
753,84,Statistics with R,Duke University,SPECIALIZATION,4.7,Beginner,220000
754,657,Stories of Infection,Stanford University,COURSE,4.9,Intermediate,28000
755,648,Strategic Business Analytics,ESSEC Business School,SPECIALIZATION,4.3,Advanced,60000
756,822,Strategic Business Management - Microeconomics,"University of California, Irvine",COURSE,4.7,Beginner,9500
757,93,Strategic Leadership and Management,University of Illinois at Urbana-Champaign,SPECIALIZATION,4.7,Beginner,100000
758,801,Strategic Management,Copenhagen Business School,COURSE,4.7,Mixed,58000
759,202,Strategic Management and Innovation,Copenhagen Business School,SPECIALIZATION,4.7,Beginner,68000
760,592,Strategic Sales Management,Fundação Instituto de Administração,SPECIALIZATION,4.5,Intermediate,9200
761,798,Strategising: Management for Global Competitive Advantage,Macquarie University,SPECIALIZATION,4.8,Intermediate,30000
762,749,Strategy and Sustainability,IESE Business School,COURSE,4.6,Beginner,11000
763,189,Structuring Machine Learning Projects,deeplearning.ai,COURSE,4.8,Beginner,220000
764,455,Success,University of Pennsylvania,COURSE,4.8,Beginner,38000
765,40,Successful Negotiation: Essential Strategies and Skills,University of Michigan,COURSE,4.8,Mixed,750000
766,588,Summary Statistics in Public Health,Johns Hopkins University,COURSE,4.8,Beginner,11000
767,483,Supply Chain Analytics,Rutgers the State University of New Jersey,COURSE,4.7,Beginner,7900
768,432,Supply Chain Finance and Blockchain Technology,New York Institute of Finance,SPECIALIZATION,4.6,Intermediate,4900
769,384,Supply Chain Logistics,Rutgers the State University of New Jersey,COURSE,4.7,Beginner,66000
770,50,Supply Chain Management,Rutgers the State University of New Jersey,SPECIALIZATION,4.7,Beginner,82000
771,760,Supply Chain Operations,Rutgers the State University of New Jersey,COURSE,4.8,Beginner,24000
772,306,Supply Chain Principles,Georgia Institute of Technology,COURSE,4.6,Mixed,29000
773,328,Supporting children with difficulties in reading and writing,UCL Institute of Education,COURSE,4.8,Mixed,50000
774,344,Survey Data Collection and Analytics,"University of Maryland, College Park",SPECIALIZATION,4.3,Beginner,45000
775,583,Sustainable Tourism – promoting environmental public health,University of Copenhagen,COURSE,4.6,Beginner,9400
776,387,Swift 5 iOS Application Developer,LearnQuest,SPECIALIZATION,4.5,Beginner,3900
777,403,System Administration and IT Infrastructure Services,Google,COURSE,4.7,Beginner,62000
778,484,Systems Biology and Biotechnology,Icahn School of Medicine at Mount Sinai,SPECIALIZATION,4.4,Intermediate,48000
779,647,Systems Thinking In Public Health,Johns Hopkins University,COURSE,4.9,Mixed,33000
780,67,"TESOL Certificate, Part 1: Teach English Now!",Arizona State University,SPECIALIZATION,4.9,Beginner,100000
781,234,"TESOL Certificate, Part 2: Teach English Now!",Arizona State University,SPECIALIZATION,4.9,Beginner,62000
782,559,Teach English Now! Foundational Principles,Arizona State University,COURSE,4.9,Mixed,81000
783,807,Teach English Now! Teaching Language Online,Arizona State University,COURSE,4.4,Intermediate,8500
784,788,Teaching Character and Creating Positive Classrooms,Relay Graduate School of Education,COURSE,4.8,Mixed,53000
785,466,Teamwork Skills: Communicating Effectively in Groups,University of Colorado Boulder,COURSE,4.8,Beginner,49000
786,41,Technical Support Fundamentals,Google,COURSE,4.8,Beginner,280000
787,27,TensorFlow in Practice,deeplearning.ai,SPECIALIZATION,4.7,Intermediate,170000
788,217,TensorFlow: Data and Deployment,deeplearning.ai,SPECIALIZATION,4.5,Intermediate,12000
789,298,Terrorism and Counterterrorism: Comparing Theory and Practice,Universiteit Leiden,COURSE,4.8,Beginner,90000
790,460,The Addicted Brain,Emory University,COURSE,4.6,Beginner,130000
791,507,The Art of Music Production,Berklee College of Music,COURSE,4.8,Intermediate,47000
792,133,The Art of Sales: Mastering the Selling Process,Northwestern University,SPECIALIZATION,4.7,Beginner,23000
793,375,The Arts and Science of Relationships: Understanding Human Needs,University of Toronto,COURSE,4.5,Beginner,73000
794,135,The Bits and Bytes of Computer Networking,Google,COURSE,4.7,Beginner,130000
795,65,The Business of Health Care,University of Pennsylvania,SPECIALIZATION,4.6,Beginner,22000
796,97,The Business of Music Production,Berklee College of Music,SPECIALIZATION,4.8,Beginner,84000
797,768,The Changing Global Order,Universiteit Leiden,COURSE,4.7,Intermediate,23000
798,759,The Cycle: Management of Successful Arts and Cultural Organizations,"University of Maryland, College Park",COURSE,4.8,Beginner,11000
799,81,The DIY Musician,Berklee College of Music,SPECIALIZATION,4.8,Beginner,120000
800,243,The Data Scientist’s Toolbox,Johns Hopkins University,COURSE,4.6,Mixed,420000
801,864,The Economics of Health Care Delivery,University of Pennsylvania,COURSE,4.8,Mixed,7200
802,274,The Global Financial Crisis,Yale University,COURSE,4.8,Mixed,84000
803,587,The Horse Course: Introduction to Basic Care and Management,University of Florida,COURSE,4.9,Mixed,29000
804,282,The Manager's Toolkit: A Practical Guide to Managing People at Work,"Birkbeck, University of London",COURSE,4.6,Mixed,47000
805,357,"The Modern World, Part One: Global History from 1760 to 1910",University of Virginia,COURSE,4.8,Beginner,130000
806,671,"The Modern World, Part Two: Global History since 1910",University of Virginia,COURSE,4.8,Beginner,47000
807,576,The Oral Cavity: Portal to Health and Disease,University of Pennsylvania,COURSE,4.9,Intermediate,9400
808,272,The Power of Macroeconomics: Economic Principles in the Real World,"University of California, Irvine",COURSE,4.6,Mixed,180000
809,534,The Power of Microeconomics: Economic Principles in the Real World,"University of California, Irvine",COURSE,4.7,Mixed,120000
810,826,The Pronunciation of American English,"University of California, Irvine",SPECIALIZATION,4.6,Beginner,1700
811,818,The Science of Gastronomy,The Hong Kong University of Science and Technology,COURSE,4.6,Mixed,50000
812,690,The Science of Stem Cells,American Museum of Natural History,COURSE,4.7,Intermediate,12000
813,696,The Science of Success: What Researchers Know that You Should Know,University of Michigan,COURSE,4.8,Beginner,59000
814,524,The Science of Training Young Athletes,University of Florida,COURSE,4.9,Beginner,13000
815,2,The Science of Well-Being,Yale University,COURSE,4.9,Mixed,2500
816,118,The Singer Songwriter,Berklee College of Music,SPECIALIZATION,4.8,Beginner,320000
817,677,The Social Context of Mental Health and Illness,University of Toronto,COURSE,4.6,Mixed,19000
818,138,The Strategy of Content Marketing,"University of California, Davis",COURSE,4.5,Intermediate,100000
819,361,"The Sustainable Development Goals – A global, transdisciplinary vision for the future",University of Copenhagen,COURSE,4.8,Beginner,26000
820,459,The Teacher and Social and Emotional Learning (SEL),University of Colorado Boulder,SPECIALIZATION,4.7,Beginner,5200
821,666,The Technology of Music Production,Berklee College of Music,COURSE,4.8,Beginner,28000
822,616,The Truth About Cats and Dogs,The University of Edinburgh,COURSE,4.7,Mixed,33000
823,716,The hidden value – Lean in manufacturing and services,École des Ponts ParisTech,COURSE,4.7,Beginner,14000
824,584,Think Again I: How to Understand Arguments,Duke University,COURSE,4.6,Beginner,200000
825,146,Tools for Data Science,IBM,COURSE,4.6,Beginner,120000
826,220,Trading Strategies in Emerging Markets,Indian School of Business,SPECIALIZATION,4.3,Beginner,68000
827,529,"Transmedia Storytelling: Narrative worlds, emerging technologies, and global audiences",UNSW Sydney (The University of New South Wales),COURSE,4.8,Mixed,45000
828,530,Tricky American English Pronunciation,"University of California, Irvine",COURSE,4.7,Beginner,110000
829,438,Troubles du spectre de l'autisme : diagnostic,University of Geneva,COURSE,4.9,Intermediate,5400
830,245,U.S. Federal Taxation,University of Illinois at Urbana-Champaign,SPECIALIZATION,4.8,Intermediate,12000
831,153,UCI Project Management,"University of California, Irvine",PROFESSIONAL CERTIFICATE,4.6,Beginner,44000
832,46,UI / UX Design,California Institute of the Arts,SPECIALIZATION,4.7,Beginner,68000
833,595,UX Design Fundamentals,California Institute of the Arts,COURSE,4.8,Beginner,25000
834,676,Understanding Cancer Metastasis,Johns Hopkins University,COURSE,4.8,Beginner,29000
835,353,Understanding Clinical Research: Behind the Statistics,University of Cape Town,COURSE,4.8,Mixed,78000
836,500,Understanding Einstein: The Special Theory of Relativity,Stanford University,COURSE,4.9,Beginner,89000
837,173,Understanding Medical Research: Your Facebook Friend is Wrong,Yale University,COURSE,4.8,Beginner,24000
838,886,Understanding Modern Finance,American Institute of Business and Economics,SPECIALIZATION,4.4,Intermediate,11000
839,746,Understanding Plants - Part I: What a Plant Knows,Tel Aviv University,COURSE,4.8,Beginner,49000
840,261,Understanding Research Methods,SOAS University of London,COURSE,4.5,Mixed,120000
841,465,Understanding and Visualizing Data with Python,University of Michigan,COURSE,4.7,Beginner,30000
842,249,Understanding the Brain: The Neurobiology of Everyday Life,The University of Chicago,COURSE,4.9,Beginner,130000
843,865,Unity Certified Programmer Exam Preparation,Unity,SPECIALIZATION,4.5,Intermediate,6100
844,618,Unity XR: How to Build AR and VR Apps,Unity,SPECIALIZATION,4.2,Beginner,12000
845,882,University Teaching,The University of Hong Kong,COURSE,4.8,Beginner,9500
846,638,Unraveling the Cycling City,University of Amsterdam,COURSE,4.9,Intermediate,3900
847,117,User Experience Research and Design,University of Michigan,SPECIALIZATION,4.8,Beginner,23000
848,614,User Interface Design,University of Minnesota,SPECIALIZATION,4.6,Intermediate,43000
849,350,Using Databases with Python,University of Michigan,COURSE,4.8,Mixed,220000
850,199,Using Python to Access Web Data,University of Michigan,COURSE,4.8,Mixed,310000
851,603,Using Python to Interact with the Operating System,Google,COURSE,4.7,Beginner,19000
852,262,Value Chain Management,University of Illinois at Urbana-Champaign,SPECIALIZATION,4.7,Intermediate,63000
853,589,Version Control with Git,Atlassian,COURSE,4.8,Mixed,40000
854,71,Viral Marketing and How to Craft Contagious Content,University of Pennsylvania,COURSE,4.7,Mixed,150000
855,407,Virtual Reality,"Goldsmiths, University of London",SPECIALIZATION,4.7,Beginner,37000
856,297,Virtual Teacher,"University of California, Irvine",SPECIALIZATION,4.3,Beginner,23000
857,185,Vital Signs: Understanding What the Body Is Telling Us,University of Pennsylvania,COURSE,4.8,Mixed,190000
858,182,Web Applications for Everybody,University of Michigan,SPECIALIZATION,4.8,Intermediate,120000
859,42,Web Design for Everybody: Basics of Web Development & Coding,University of Michigan,SPECIALIZATION,4.7,Beginner,280000
860,354,Weight Management: Beyond Balancing Calories,Emory University,COURSE,4.7,Beginner,34000
861,144,What Is Contemporary Art?,The Museum of Modern Art,COURSE,4.7,Beginner,120000
862,829,What future for education?,UCL Institute of Education,COURSE,4.7,Mixed,35000
863,543,What is Compliance?,University of Pennsylvania,COURSE,4.8,Mixed,6200
864,88,What is Data Science?,IBM,COURSE,4.7,Beginner,260000
865,379,What is Social?,Northwestern University,COURSE,4.6,Mixed,94000
866,232,Wine Tasting: Sensory Techniques for Wine Analysis,"University of California, Davis",COURSE,4.7,Beginner,32000
867,787,Wonders of Ancient Egypt,University of Pennsylvania,COURSE,4.8,Intermediate,17000
868,619,Write A Feature Length Screenplay For Film Or Television,Michigan State University,COURSE,4.9,Beginner,12000
869,213,Write Professional Emails in English,Georgia Institute of Technology,COURSE,4.7,Mixed,270000
870,684,Write Your First Novel,Michigan State University,COURSE,4.4,Beginner,18000
871,69,Writing in the Sciences,Stanford University,COURSE,4.9,Beginner,140000
872,359,e-Learning Ecologies: Innovative Approaches to Teaching and Learning for the Digital Age,University of Illinois at Urbana-Champaign,COURSE,4.5,Mixed,17000
873,779,iOS App Development with Swift,University of Toronto,SPECIALIZATION,3.9,Intermediate,76000
874,858,¿Qué hacen los buenos directivos? Prioridades de la Alta Dirección,IESE Business School,COURSE,4.7,Beginner,25000
875,191,Étudier en France: French Intermediate course B1-B2,École Polytechnique,COURSE,4.8,Intermediate,190000
876,607,Éxito Profesional,"University of California, Irvine",SPECIALIZATION,4.5,Beginner,69000
877,492,Искусство ведения бизнеса,Saint Petersburg State University,SPECIALIZATION,4.6,Beginner,14000
878,156,Искусство разработки на современном C++,E-Learning Development Fund,SPECIALIZATION,4.9,Intermediate,68000
879,722,Корпоративные финансы и стоимость компании,National Research University Higher School of Economics,SPECIALIZATION,4.5,Beginner,16000
880,811,Математика и Python для анализа данных,E-Learning Development Fund,COURSE,4.8,Beginner,67000
881,132,Машинное обучение и анализ данных,E-Learning Development Fund,SPECIALIZATION,4.7,Intermediate,77000
882,405,Основы Digital Маркетинга,National Research University Higher School of Economics,SPECIALIZATION,4.5,Intermediate,19000
883,703,Основы программирования на Python,National Research University Higher School of Economics,COURSE,4.6,Beginner,83000
884,841,Основы разработки на C++: белый пояс,E-Learning Development Fund,COURSE,4.9,Intermediate,41000
885,889,Погружение в Python,Moscow Institute of Physics and Technology,COURSE,4.7,Intermediate,45000
886,236,Программирование на Python,Mail.Ru Group,SPECIALIZATION,4.5,Intermediate,52000
887,883,Психолингвистика (Psycholinguistics),Saint Petersburg State University,COURSE,4.8,Mixed,21000
888,545,Разработка интерфейсов: вёрстка и JavaScript,E-Learning Development Fund,SPECIALIZATION,4.5,Intermediate,30000
889,875,Русский как иностранный,Saint Petersburg State University,SPECIALIZATION,4.6,Intermediate,9800
890,163,Финансовые инструменты для частного инвестора,National Research University Higher School of Economics,SPECIALIZATION,4.7,Beginner,38000
